<?xml version="1.0" encoding="UTF-8"?>
<!DOCTYPE editor-macros PUBLIC "-//NetBeans//DTD Editor Macros settings 1.1//EN" "http://www.netbeans.org/dtds/EditorMacros-1_1.dtd">
<editor-macros>
    <macro name="a" xml:space="preserve">
        <shortcut keystrokes="DO-0"/>
        <code><![CDATA["ssssssssss"]]></code>
    </macro>
    <macro name="select hotels" xml:space="preserve">
        <code><![CDATA["select  * from hotels where id > 1000 order by title;"]]></code>
    </macro>
    <macro name="11" xml:space="preserve">
        <code><![CDATA["selee " insert-break delete-previous delete-previous " "]]></code>
    </macro>
</editor-macros>
