<?xml version="1.0" encoding="UTF-8"?>
<!DOCTYPE bindings PUBLIC "-//NetBeans//DTD Editor KeyBindings settings 1.1//EN" "http://www.netbeans.org/dtds/EditorKeyBindings-1_1.dtd">
<bindings>
    <bind actionName="insert-tab" key="TAB"/>
    <bind actionName="redo" key="SO-MINUS"/>
    <bind actionName="redo" key="SD-Z"/>
    <bind key="SO-W" remove="true"/>
    <bind key="SO-F" remove="true"/>
    <bind key="S-SPACE" remove="true"/>
    <bind key="O-U$G" remove="true"/>
    <bind key="DO-0" remove="true"/>
    <bind key="O-U$I" remove="true"/>
    <bind key="D-R" remove="true"/>
    <bind key="O-U$S" remove="true"/>
</bindings>
